,salary_to,salary_from,req,resp,name,vacancy_type,skills,level
9,160000,50000,Навыки: Навыки владения программным обеспечением IBM SPSS Modeler или аналогичным программным обеспечением обязательно. <highlighttext>Python</highlighttext>. Желательны навыки работы c R.,Обеспечить своевременное и высококачественное выполнение проектов внедрения аналитических систем и решений. Участие в проектах по созданию и внедрению аналитических систем...,"Специалист по внедрению аналитических решений (прогностическая аналитика, big data)",data engineer,spss;r;python;deployment;integration,middle
21,NA,250000,"В/о, техническое, экономическое, маркетинговое, социологическое. Обязательна степень MBA/2-е в/о. Искренне клиентоориентированный человек: способен отказаться от личного...","Набор, адаптация, поддержка, мотивация, оценка; наставничество и развитие сотрудников подразделения. Регулярная <highlighttext>аналитика</highlighttext> по направлениям деятельности. Поиск новых практик, идей, решений...",Руководитель направления продаж  (Big Data & Data mining),manager,reporting;sales;education;,middle
23,NA,137931.034482759,Про ManyChat: Воронки. 2+ года опыта <highlighttext>аналитики</highlighttext> или data science. Вы не раз проводили анализ разных данных разными инструментами...,"Изучать взаимодействие пользователей с продуктом. Анализ продаж. Определить сегменты пользователей. Обеспечить доступ к основным метрикам всей команде. Свободные исследования, направленные...",Аналитик данных,data analyst,experience;segmentation,middle
47,287356.32183908,172413.793103448,...в области <highlighttext>computer</highlighttext> <highlighttext>vision</highlighttext>. Опыт работы с нейронными сетями. Математическая культура. Знание классических алгоритмов и структур данных. Хорошее знание <highlighttext>Python</highlighttext>.,Cow detection/recognition.,Senior Сomputer Vision Engineer,data scientist,computer_vision;python;db;algorithms,seniour
65,NA,172413.793103448,Знание классического регрессионного анализа. Навыки планирования экспериментов.,"Инструментария <highlighttext>машинного</highlighttext> <highlighttext>обучения</highlighttext> (<highlighttext>нейронные</highlighttext> <highlighttext>сети</highlighttext>, градиентный бустинг). Языка программирования <highlighttext>Python</highlighttext>. Реляционных баз данных на языке SQL. Операционной системы Linux, системы...","Разработчик (Python, машинная лингвистика)",data scientist,python;nlp;statistics;sql;linux;db,middle
70,70000,50000,"Знание SQL - обязательно! Знание Microsoft PowerBI и <highlighttext>Python</highlighttext> будут огромным преимуществом. Разговорный английский язык, не ниже уровня Upper - Intermediate. ","Выгрузка и подготовка отчетов по стандартной форме и по запросам руководителя, бизнеса. Подготовка регулярных отчетов по выполнению основных показателей бизнеса. ",Data аналитик / бизнес-аналитик,data analyst,sql;powerbi;language;reporting,middle
72,NA,149425.287356322,"Глубокое понимание как классической теории вероятности и математической статистики, так и методов <highlighttext>Machine</highlighttext> <highlighttext>Learning</highlighttext>. Целеустремленность и ответственность. Опыт разработки моделей...","Разработка широкого спектра новых моделей в области: Text Mining, <highlighttext>Neural</highlighttext> <highlighttext>Networks</highlighttext> и другие. Сбор данных из открытых источников и взаимодействие...",Руководитель проектов Data Science,project manager,algorithms;nlp;parsing,middle
78,NA,149425.287356322,"Знание одного из статистических пакетов: <highlighttext>Python</highlighttext> (соответствующих библиотек), <highlighttext>SAS</highlighttext>, R, IBM SPSS или STATISTICA. Умение ясно излагать мысли письменно и...","Сбор, анализ и сверка данных из различных источников для Банка (ТОП-10). Проведение <highlighttext>аналитики</highlighttext> <highlighttext>данных</highlighttext> для Банка. Анализ базы и...",Аналитик данных (Data scientist),data scientist,python;sas;r;spss;statistica;,middle
84,68965.5172413793,57471.2643678161,"Обязательно наличие опыта работы в математическом анализе и моделировании, математические методы в экономике, обработка больших данных (<highlighttext>Big</highlighttext> <highlighttext>Data</highlighttext>), теории вероятности...","Обработка данной информации с использованием современных средств (<highlighttext>Data</highlighttext> <highlighttext>mining</highlighttext>, Crowdsourcing и т.д.). Подготовка предварительных предложений и решений для бизнеса.","Аналитик данных (Математик-программист, Статистик)",data analyst,experience;,middle
89,NA,130000,"Знания в областях <highlighttext>Machine</highlighttext> <highlighttext>Learning</highlighttext>, <highlighttext>Deep</highlighttext> <highlighttext>Learning</highlighttext>, <highlighttext>Data</highlighttext> <highlighttext>Mining</highlighttext>. Желательно знание С/С++; <highlighttext>Python</highlighttext>; Open GL; Open CL. ","...других алгоритмов <highlighttext>машинного</highlighttext> <highlighttext>обучения</highlighttext>, способных точно решать поставленные задачи распознавания и классификации паттернов изображений или задачи <highlighttext>распознавания</highlighttext> <highlighttext>речи</highlighttext>, <highlighttext>NLP</highlighttext>. ",Data Engineer,data engineer,knowledge;c;python;open_gl;open_cl;,middle
105,120000,80000,"Хорошее знание <highlighttext>Python</highlighttext>, опыт работы с Git. Опыт обработки текстов на естественном языке. Плюсом будет опыт использования Томита-парсера или...","Разработка, поддержка грамматик для Yargy-парсера. Создание, отладка статистических моделей. Иногда не получается извлечь сущности с помощью правил, тогда используются...",NLP-разработчик на Python,data scientist,python;nlp;git;yargy,middle
107,NA,114942.528735632,Техническое образование (высшее). Опыт ручного/автоматизированного тестирования от 2-х лет. Умение работать в ОС Linux. Опыт тестирования web-приложений...,"Участие в тестировании алгоритмов <highlighttext>машинного</highlighttext> <highlighttext>обучения</highlighttext>. Тестирование аналитических языков (BLINK, Groovy extension). Возможность развиваться в автоматизации тестирования (BDD, Cucumber, HipTest...",QA Engineer,data engineer,testing;experience;linux;blink;groovy;bdd;cucumber;hipTest,middle
108,NA,137931.034482759,"...и автоматизации <highlighttext>аналитики</highlighttext>. - Профессиональное знание MS Excel, MS SQL, SSAS, <highlighttext>Data</highlighttext> <highlighttext>Mining</highlighttext>; <highlighttext>Python</highlighttext>; R programing language; RStudio; <highlighttext>Big</highlighttext> <highlighttext>Data</highlighttext>. - ","Функционал: - Разработка и автоматизация системы аналитической отчетности. - Разработка и администрирование BI-системы на платформе SQL. - Управление процессом товародвижения (разработка, автоматизация). - ",Ведущий аналитик по продажам,data engineer,reporting;sql;ssas;python;r,middle
117,NA,206896.551724138,"Опыт системного администрирования Linux от 3-х лет. Знание скриптовых языков (<highlighttext>Python</highlighttext>, Shell). Опыт работы с системами контроля версий (Git...","Развертывание, мониторинг и поддержка работы кластеров приложений на базе Hadoop/HBase/Elasticsearch в cloud (AWS, Google Cloud, Microsoft Azure). ",DevOps Engineer,data engineer,linux;python;shell;git;hadoop;hbase;elasticsearch;azure;aws,middle
128,275862.068965517,137931.034482759,"Strong data-driven approach and knowledge of statistics. 3+ years of experience with web/mobile analytical systems (GA, Flurry...",Organizing all users&#39; data into one system (to link all user aquisitions channels and users’ behaviour data). Automatizing all users...,Senior Data Analyst (Marketing),data engineer,integration;,middle
149,NA,206896.551724138,"Понимание принципов работы различных архитектур нейронных сетей, знание алгоритмов <highlighttext>машинного</highlighttext> <highlighttext>обучения</highlighttext>. Опыт использования нейронных сетей на <highlighttext>TensorFlow</highlighttext> / <highlighttext>Keras</highlighttext> / Caffe.",Оптимизация и улучшение качества алгоритмов трекинга людей. Доработка и оптимизация основного кода ProcessingUnit. Разработка механизмов обновления и сбора информации клиентских...,Senior python developer,data scientist,algorithms;parsing;python;caffe;keras;tensorflow,senior
152,NA,229885.057471264,Высшее техническое образование. Опыт разработки на Java от 5 лет. Отличное знание Spring. Опыт работы с SQL или NoSQL хранилищами...,"Разработка распределенных, отказоустойчивых систем обработки данных. Оптимизация работы хранилищ данных (Apache HBase, Apache Phoenix, Elasticsearch).",Senior Java Developer,data engineer,sql;apache;hbase;spring;java;phoenix;elasticsearch,senior
153,NA,183908.045977011,"Высшее техническое образование. Опыт разработки на Java/Spring от 3х лет. Знание английского языка (чтение документации, переписка). ","Разработка сети распределенных агентов для доставки клиентских данных. Интеграция с различными системами хранения данных клиента, например: RedBox, Nice Actimize, Active...",Java Developer,data engineer,spring;java;integration;redbox;actimize,middle
164,NA,150000,"Академический опыт, наличие научных публикаций. Знания в области <highlighttext>компьютерного</highlighttext> <highlighttext>зрения</highlighttext>, <highlighttext>NLP</highlighttext>, <highlighttext>deep</highlighttext> <highlighttext>learning</highlighttext>, алгоритмов для анализа графов. Участие в хакатонах...","...<highlighttext>построения</highlighttext> <highlighttext>моделей</highlighttext>. Поиск и адаптация к задачам компании современных технологий и библиотек для анализа данных и <highlighttext>машинного</highlighttext> <highlighttext>обучения</highlighttext>, <highlighttext>компьютерного</highlighttext> <highlighttext>зрения</highlighttext>...",Senior Data Scientist,data scientist,algorithmms;nlp;graph;computer_vision,senior
179,NA,245000,"Опыт работы разработчиком <highlighttext>SAS</highlighttext> от 3 лет, опыт работы с продуктами <highlighttext>SAS</highlighttext> MA и/или <highlighttext>SAS</highlighttext> DIS. Опыт работы в...","Архитектор/тимлид (1 на команду, отдельный от других команд). Управление командой. Разработка ПО.",Архитектор/тимлид команды разработчиков SAS,manager,sas;experience,middle
187,172413.793103448,114942.528735632,"Иметь опыт работы с решениями из стека технологий <highlighttext>Big</highlighttext> <highlighttext>Data</highlighttext> (Hadoop, Spark, Kafka). Иметь опыт работы с Elastic Stack. ","Проверять идеи и технологии на прототипах. Работать совместно с коллегами для отладки и деплоя. Вникать в потребности <highlighttext>аналитиков</highlighttext>, чтобы делать...",Junior Data Developer,data engineer,deployment;hadoop;spark;kafka;elastic,junior
190,NA,229885.057471264,"Знание <highlighttext>python</highlighttext>: стандартные структуры данных (dict, list, set, модуль collections), pandas, <highlighttext>numpy</highlighttext>, h5py. - Знакомство с форматами данных: сsv...",<highlighttext>Построение</highlighttext> <highlighttext>модели</highlighttext> оценки удовлетворенностью сервисами Сбербанка. Построение рекомендаций по индивидуальным схемам обслуживания. <highlighttext>Построение</highlighttext> <highlighttext>модели</highlighttext> оценки эффективности Клиентских Менеджеров и рекомендаций...,Data Science Team Leader (г.Санкт-Петербург),manager,modeling;python;,middle
196,NA,100000,Знание теоретических основ и опыт практического применения статистических моделей и методов <highlighttext>машинного</highlighttext> <highlighttext>обучения</highlighttext>. Желание решать нетривиальные задачи (самостоятельно и в...,"Мы разрабатываем сервис, который на основе <highlighttext>компьютерного</highlighttext> <highlighttext>зрения</highlighttext>, искусственного интеллекта и анализа данных помогает крупным торговым сетям следить за работой...",Data scientist,data scientist,computer_vision;algorithms,middle
222,183908.045977011,172413.793103448,"...на платформе <highlighttext>SAS</highlighttext>, Oracle). Владение SQL – на уровне составления запросов среднего уровня сложности. Знания ETL-инструментов (желательно <highlighttext>SAS</highlighttext> DIS, Informatica...","Сбор, анализ, формализация и согласование требований в части задач по: Исследованию источников данных, формированию требований к выгрузкам данных из источников...",Ведущий аналитик SAS (в банк),data engineer,sas;oracle;etl;sql,middle
224,229885.057471264,86206.8965517241,"Опыт программирования на <highlighttext>Python</highlighttext>. - Опыт применения библиотек для анализа данных (<highlighttext>NumPy</highlighttext>, pandas, SciPy, scikit-learn, <highlighttext>TensorFlow</highlighttext>, <highlighttext>Keras</highlighttext>, xgboost, LightGBM). - ",Разработке и внедрении методов <highlighttext>машинного</highlighttext> <highlighttext>обучения</highlighttext>. - Исследовании данных для выявления статистических свойств. - Определении алгоритмов решения проблем <highlighttext>машинного</highlighttext> <highlighttext>обучения</highlighttext>. - ,Quantitative Researcher/Data Scientist,data scientist,python;algorithms;keras;tensorflow,middle
228,120000,80000,Знание паттернов проектирования. Технический английский. Будет плюсом: Интерес к сфере инвестиций. Знания в области <highlighttext>Machine</highlighttext> <highlighttext>learning</highlighttext>. Опыт работы с Kubernetes.,NA,Программист-разработчик Python,data engineer,python; experince,middle
238,287356.32183908,195402.298850575,Опыт в проектировании и разработке распределенных систем на основе компонентов Hadoop. Практические навыки администрирования кластера Hadoop как с Cloudera Manager...,"Поддержка, развитие и мониторинг кластера Hadoop от Cloudera. Проектирование и оптимизация структур баз данных. Подготовка и оптимизация запросов, кода для...",Data Engineer,data engineer,hadoop;cloudera,middle
240,NA,206896.551724138,"Знание английского языка не ниже чем Upper-Intermediate. - Желателен опыт работы в стартапах на позиции, аналогичной по содержанию работы. - ","Принятие глобальных технических решений. - Внутренний технический арбитраж. - Блокчейн разработка. - Веб разработка. - Мобильная разработка. - Обеспечение кибербезопасности. - Выбор технологий, которые будут использоваться...",Технический директор/Chief Technical Officer (CTO),manager,language;knowledge;blockchain;cybersecurity;experience,middle
268,NA,90000,"Принципы написания и основы оптимизации SQL-запросов, знание VBA. Умение систематизировать и визуализировать большой объем информации, диагностировать западающие показатели, определять...","Разработка и поддержание Дашбордов ДТМиКА. Разработка и поддержание Olap отчетности. Автоматизация и поддержка отчетности ДТМиКА. Анализ, обработка и визуализация отчетности...",Аналитик коммерческой аналитики,data analyst,sql;vba;reporting,middle
272,183908.045977011,114942.528735632,"Фундаментальные знания языка <highlighttext>Python</highlighttext>, умение писать поддерживаемый, читаемый и тестируемый код. Понимание того, как работает современный web, и опыт разработки...","...автоматизирующие управление рекламными кампаниями и повышающие их эффективность. Работать с большими данными, используя ClickHouse, PostgreSQL, <highlighttext>NumPy</highlighttext>, Pandas и другие решения.",Python разработчик / Python Developer,data scientist,python;clickhouse;sql;,middle
286,NA,68965.5172413793,Высшее образование. Опыт работы в CRM и с базами данных. Опыт составления и визуализации графиков и диаграмм. Структурность мышления.,Подготовка и сегментация баз данных для рассылки. Создание сегментации клиентов методами <highlighttext>data</highlighttext> <highlighttext>mining</highlighttext>. Создание аналитических моделей для подбора персональных предложений...,Менеджер по маркетингу/Менеджер по администрированию CRM и MAS,data scientist,crm;segmentation;,middle
310,NA,229885,"NET Framework 4.0, C#, Microsoft SQL Server 2012, WinForms, WPF, ASP.Net, DevExpress. <highlighttext>Нейронные</highlighttext> <highlighttext>сети</highlighttext>. Знания паттернов и антипаттернов проектирования. ","Разработка новых и модернизация существующих бизнес-приложений для Back Office. Зоны ответственности: соответствие реализации решений требованиям пользователей, разработка архитектуры решений...",Разработчик нейронных сетей (разработчик .NET),data engineer,net;c;sql;asp;algorithms;,middle
317,NA,150000,"Умение работать с чужим кодом. Знание Agile, Kanban (желательно). Наличие портфолио разработчика (желательно). Знание алгоритмов <highlighttext>Machine</highlighttext> <highlighttext>Learning</highlighttext> (доп. преимущество).",Подготовка модели данных (подготовка источников) для BI. Дизайн и разработка дашбордов в BI. Участие в проекте по внедрению системы Sisense. ,Разработчик Bi/ Business Intelligence Specialist,data engineer,agile;kanban;reporting;,middle
325,75000,60000,"Умение применять разведочный анализ и обрабатывать данные в одном из статистических пакетах <highlighttext>SAS</highlighttext>, R, <highlighttext>Python</highlighttext>. Уверенный пользователь ПК. ","Всесторонняя поддержка департамента продаж в плане предоставления статистической отчетности об эффективности бизнеса, включающая в себя анализ страховой премии, количества заключенных...",Аналитик,data analyst,sas;r;python;,middle
333,75000,75000,Образование: высшее (желательно техническое или экономическое). Опыт работы в аналогичной должности в FMCG от 1 года . ПК: уверенный пользователь Excel...,"Прогнозирование объемов продаж по месяцам/неделям по SKU с учетом региональной специфики. Подготовка аналитических отчетов. <highlighttext>Построение</highlighttext> <highlighttext>моделей</highlighttext>, сценариев в Excel. ",Специалист по планированию (Demand Planner),data analyst,excel,middle
357,NA,126436.781609195,"Превосходно владеешь специализированными методологиями и программными средствами для <highlighttext>построения</highlighttext> <highlighttext>моделей</highlighttext> процессов, данных, объектов. Грамотно излагаешь материал и четко формулируешь выводы.","Вырабатывать наилучший вариант решения для реализации бизнес-требований в системе. Готовить проектную документации (BRD, FSD) на разработку или доработку функционала. ",Ведущий аналитик,data analyst,modeling;,middle
360,NA,149425.287356322,"Глубокое понимание как классической теории вероятности и математической статистики, так и методов <highlighttext>Machine</highlighttext> <highlighttext>Learning</highlighttext>. Целеустремленность и ответственность. Опыт разработки моделей...","Разработка широкого спектра новых моделей в области: Text Mining, <highlighttext>Neural</highlighttext> <highlighttext>Networks</highlighttext> и другие. Сбор данных из открытых источников и взаимодействие...",Data Scientist/ Аналитик-программист(Python),data scientist,algorithms;text_mining;parsing,middle
364,172413.793103448,91954.0229885057,"Опыт работы с OpenCV, знание <highlighttext>Python</highlighttext>. Знание протокола HTTP и понимание REST-архитектуры; Опыт работы с системой контроля версий Git...","Опыт разработки систем записи, обработки видео и передачи (video-streaming) на удаленные медиа-сервера. Разработка программного обеспечения для нейронных сетей...","Программист (Qt, C++/C#)",data engineer,opencv;python;rest;git;algorithms,middle
378,150000,80000,"Желание развиваться в рекламных технологиях, основанных на <highlighttext>Big</highlighttext> <highlighttext>Data</highlighttext>. Навыки портфельной настройки стратегий, оптимизации множества KPI. Аналитический склад ума, системность...",Анализ качества в системах <highlighttext>аналитики</highlighttext> Яндекс.Метрика и Google Analytics. Составление и организация контрольных групп размещений. Взаимодействие с командой <highlighttext>Big</highlighttext> <highlighttext>Data</highlighttext>...,Media buyer/Трафик менеджер,data scientist,yandex_metrics;google_analytics;,middle
380,100000,90000,"Вам необходимо продемонстрировать или обосновать опыт применения алгоритмов <highlighttext>Machine</highlighttext> <highlighttext>Learning</highlighttext>, Deeh Learning в реальных задачах Date Mining, статистической обработки данных...","Прогнозирование поведения объектов на основе анализа временных рядов систем промышленной телеметрии, видеонаблюдения, биллинга, интернет сервисов, автомобильных треков и пр.. - ",Аналитик отдела бизнес аналитики Управления информационных технологий и атоматизации,data scientist,algorithms;,middle
393,568965.517241379,517241.379310345,"...databases, Nosql databases, Caching systems, Full Text Search engines, <highlighttext>Big</highlighttext> <highlighttext>Data</highlighttext> systems. Has good experience with the TDD approach, doing...","As a Chief Architect you will be responsible for developing solutions to complex architectural problems, designing and delivering real enterprise...",Cloud Chief Software Architect,manager,nosql;design;,middle
394,344827.586206897,310344.827586207,5+ years of experience as both a hands-on architect and a software engineer. Bachelor’s Degree in Computer...,"We are excited about using data to make decisions, we are bringing <highlighttext>big</highlighttext> <highlighttext>data</highlighttext> and analysis to software development. ",Software Architect,data engineer,experience;,middle
396,172413.793103448,137931.034482759,"2+ years of experience as a hands-on software engineer. Bachelor’s Degree in Computer Science, Electrical Engineering, or...","We are excited about using data to make decisions, we are bringing <highlighttext>big</highlighttext> <highlighttext>data</highlighttext> and analysis to software development. ",Software Engineer,data engineer,experience;,middle
398,114942.528735632,80459.7701149425,"You are able to plan tasks, delegate, control the timeframe. Already worked in B2B, and even better - you...",Want to go to the office to drink coffee and discuss memes with colleagues. Have got used to that the...,Head of marketing / Руководитель отдела маркетинга,manager,,middle
408,NA,70000,"Знакомство с интеллектуальными методами (искусственные <highlighttext>нейронные</highlighttext> <highlighttext>сети</highlighttext>, генетические алгоритмы, экспертные продукционные системы). Требования к личным характеристикам и качествам: Умение думать...","Анализ и описание предметных областей – проведение обследований, выявление требований к ИС, сбор исходных данных. Управление требованиями. Коммуникация с Заказчиком. ",Руководитель проектов,project manager,algorithms;,middle
429,NA,150000,"Подтвержденные результаты в области больших данных, <highlighttext>машинного</highlighttext> <highlighttext>обучения</highlighttext>, искусственного интеллекта (наличие рейтинговых публикаций и (или) результатов интеллектуальной деятельности по тематике). ","Разработка и использование технологии <highlighttext>машинного</highlighttext> <highlighttext>обучения</highlighttext> для воспроизведения творческой деятельности человека. Руководство молодежным научным коллективом (студенты, аспиранты): 3-5 человек. ","Руководитель направления ""Креативные интеллектуальные технологии""",project manager,experience;,middle
461,NA,200000,"Навыки программирования на <highlighttext>Python</highlighttext>. Знание и применение на практике алгоритмов <highlighttext>машинного</highlighttext> <highlighttext>обучения</highlighttext>, статистического анализа. Знание Tableau. Знания Web-<highlighttext>аналитики</highlighttext> (GA...","Выявление проблем, <highlighttext>построение</highlighttext> <highlighttext>моделей</highlighttext>, поиск и выявление зависимостей для формирования гипотез об улучшениях продукта и процессов. Прогнозирование роста и падения...",Аналитик,data scientist,python;algorithms;tableau;modeling;,middle
469,206896.551724138,160919.540229885,Опыт web разработки на <highlighttext>Python</highlighttext> не менее 2 лет. Опыт работы с Django от года. Знание Git. Умение писать тесты...,"Разработка backend составляющей продукта (GraphQL API для web и mobile приложений, внутренняя CRM). Интеграции с внутренними <highlighttext>machine</highlighttext> <highlighttext>learning</highlighttext> разработками. ",Python Developer/ Python-Разработчик,data engineer,python;experience;django;git;crm,middle
492,NA,91954.0229885057,"...данных/<highlighttext>машинного</highlighttext> <highlighttext>обучения</highlighttext>). Знание алгоритмов <highlighttext>машинного</highlighttext> <highlighttext>обучения</highlighttext> (линейная регрессия, логистическая регрессия, деревья решений, random forest, gradient tree boosting, <highlighttext>нейронные</highlighttext> <highlighttext>сети</highlighttext>). ","Область деятельности и основные обязанности: анализ данных и разработка алгоритмов для задач прогнозирования спроса и оптимизации цепей поставок, в проектах...",Senior Data Scientist,data scientist,algorithms;,senior
519,91954.0229885057,45977.0114942529,"...данных, знание SQL. Знание алгоритмов <highlighttext>машинного</highlighttext> <highlighttext>обучения</highlighttext> (линейная регрессия, логистическая регрессия, деревья решений, random forest, gradient tree boosting, <highlighttext>нейронные</highlighttext> <highlighttext>сети</highlighttext>).","Исследование данных, поиск закономерностей, формулирование и проверка гипотез, обоснование результатов исследований. Разработка моделей в области прогнозирования спроса и оптимизации цепей...",Junior Data Scientist,data scientist,sql;algorithms;,junior
525,200000,150000,Опыт работы <highlighttext>аналитиком</highlighttext> <highlighttext>данных</highlighttext> от 3 лет. Если опыт в ритейле и FMCG — еще лучше. Знание <highlighttext>Python</highlighttext> (+ scikit-learn...,"Создавать и внедрять модели <highlighttext>машинного</highlighttext> <highlighttext>обучения</highlighttext>, предиктивные и дескриптивные модели. Понятно доносить результаты своей работы с помощью Tableau, Power BI...",Data Scientist,data scientist,experience;python;scikit_learn;tableau;power_bi;,middle
562,NA,229885.057471264,"Опытный пользователь ПК, хорошие навыки программирования с базами данных SQL/<highlighttext>SAS</highlighttext>, умение пользоваться статистическими пакетами. Преимущества – портфолио реализованных скоринговых моделей...",Разработка и перманентная актуализация (валидация/калибровка) скоринговых моделей для портфеля по выданным займам. Анализ поведения портфеля и выработка предложений по...,Директор по рискам/Data-scientist,data scientist,sql;sas;modeling;,middle
581,115000,115000,"Теория оптимизации (многокритериальная оптимизация). Математическое моделирование. Основы <highlighttext>machine</highlighttext> <highlighttext>learning</highlighttext>. Программирование на C / C++,<highlighttext>Python</highlighttext>, Golang. MS Office. Optional: TeamFoundationServer, Delphi...",Поиск и анализ методов оптимального решения поставленных задач. Разработка алгоритмов. Разработка Программного Обеспечения. Техническое сопровождение созданных систем и сервисов.,Программист – математик,data scientist,algorithms;c;python;go;delphi;,middle
584,68965.5172413793,57471.2643678161,Опыт разработки/внедрения RPA процессов либо скриптов автоматизации бизнес-процессов. Знание SQL на уровне самостоятельно построить запрос и выгрузить данные. ,"...Metabase, Power BI). Презентация и обсуждение результатов с командой. Взаимодействие с другими командами (координации, модерации, <highlighttext>аналитики</highlighttext> и ИТ-разработки) компании.",Cпециалист по роботизированной автоматизации бизнес-процессов (RPA),data analyst,sql;power_bi;,middle
591,NA,91954.0229885057,"Oracle SQL + MS SQL - средний уровень. MS Excel - средний/продвинутый уровень. Знание теории вероятности, математической статистики (линейная регрессия, дерево...","Поддержка системы аналитической отчетности. Написание аналитических заключений. Анализ больших массивов данных. <highlighttext>Построение</highlighttext> <highlighttext>моделей</highlighttext>, прогнозирование результатов. Анализ операционных и финансовых показателей.",Риск-менеджер,data scientist,sql;oracle;excel;reporting;modeling;,middle
608,NA,170000,"...писать доки на английском. <highlighttext>Python</highlighttext> с библиотеками pandas, <highlighttext>numpy</highlighttext>. Строить предсказательные модели. Знание того, как устроена <highlighttext>аналитика</highlighttext> в мобильном приложении.","Построение и анализ пользовательских метрик (RR, DAU, LiveTime, Churn, воронки). Ad-Hoc <highlighttext>аналитика</highlighttext> для поддержки принятия решений. Сопровождение и анализ...",Product Analyst,data scientist,pandas;python;algorithms;,middle
615,NA,160919.540229885,Знания в области мат. статистики и алгоритмов <highlighttext>machine</highlighttext> <highlighttext>learning</highlighttext> являются преимуществом. Требования к опыту работы. От 3 лет после окончания...,Компания &quot;Форексис&quot; работает на рынке систем искусственного интеллекта и <highlighttext>машинного</highlighttext> <highlighttext>обучения</highlighttext> 17 лет. &quot;Форексис&quot; работает по схеме создания новых продуктовых...,Руководитель проекта,project manager,algorithms;,middle
623,NA,80000,"Приветствуется опыт использования библиотеки OpenCV. Приветствуется знание <highlighttext>Python</highlighttext>, наличие опыта работы с библиотеками глубокого обучения (PyTorch, <highlighttext>TensorFlow</highlighttext>, Caffe). ",Разработка низко полигональных трёхмерных моделей. Разработка архитектур глубоких свёрточных нейронных сетей на языке <highlighttext>Python</highlighttext>. Обучение глубоких свёрточных нейронных сетей.,Разработчик C++,data engineer,opencv;python;pytorch;tensorflow;caffe;c;algorithms;,middle
645,200000,150000,"Опыт реализации алгоритмов <highlighttext>машинного</highlighttext> <highlighttext>обучения</highlighttext> (<highlighttext>Python</highlighttext>, R, MATLAB, etc.). Понимание основных методов и алгоритмов <highlighttext>Machine</highlighttext> <highlighttext>Learning</highlighttext>, а также опыт их...",Статистический анализ и обработка данных. Построение математических моделей по прогнозированию. Разработка алгоритмов на <highlighttext>python</highlighttext>. Внедрение своих решений в продакшн.,Data scientist,data scientist,python; experince;r;matlab;algorithms;modeling;deployment,middle
669,91954.0229885057,45977.0114942529,"...неполное высшее образование. Опыт работы Java разработчиком от 0,5 года. Java core. Linux, опыт написания скриптов (perl, <highlighttext>python</highlighttext>, bash).",Участвовать в написании продуктов по оценке жилой и коммерческой недвижимости. Принимать участие в написании продуктов по <highlighttext>аналитике</highlighttext> рынка жилой и...,Junior Java Developer,data engineer,java;linux;bash;,junior
676,287356.32183908,137931.034482759,Опыт работы с задачами в области <highlighttext>Big</highlighttext> <highlighttext>Data</highlighttext> и анализа соц сетей. Понимание принципов работы распределенных вычислений. Опыт работы с...,"Парсинг данных из социальных сетей и других источников. Обогащение полученных данных, определение социально-демографической информации пользователей и их интересов, как...",Java developer,data scientist,sna;parsing;,junior
687,140000,100000,Уверенное владение <highlighttext>python</highlighttext> (3.*). Опыт разработки в среде linux. Высшее техническое образование. Опыт работы с библиотекой pandas. Владение С++ и...,"Автоматизация процессов сбора, хранения и анализа данных из открытых и закрытых источников (ETL / CMC). Автоматизация процессов обработки, «обогащения» и нормализации...",Junior Data Developer (Python),data engineer,python; experince;linux;c;parsing;etl,junior
708,200000,150000,"...<highlighttext>big</highlighttext> <highlighttext>data</highlighttext> техи. 3. R (как минимум, желание читать). 4. SQL (Полный цикл). 7. DS: time-series, tree-based, <highlighttext>NLP</highlighttext>...","Есть свои боевые разработки в demand forecasting, dynamic pricing, рекомендашках, <highlighttext>NLP</highlighttext> (около продажных и маркетинговых процессов), оптимизации колл-центров. 5. ",Senior Python Developer,data scientist,sql;r;algorithms;nlp,senior
713,NA,137931.034482759,"Опыт использования MS SQL Azure, особенно в области <highlighttext>Big</highlighttext> <highlighttext>Data</highlighttext>. Глубокие знания в области построения и оптимизации индексов. ",Разработка структуры хранилища. Написание хранимых процедур под задачи бизнеса.,Программист СУБД,data engineer,azure;design;,middle
723,NA,137931.034482759,Опытом реализации подобных проектов. Навыки и опыт настройки стягивания данных из 1с и других источников в MS Power BI. ,"...Power BI, PowerQuery). Визуализация полученных данных, построение Dashboards и OLAP/BI отчетности. Создание и развитие системы сквозной <highlighttext>аналитики</highlighttext> в компании.",Разработчик BI/OLAP Отчетности / Специалист по базам данных,data engineer,power_bi;olap;,middle
731,180000,150000,"Опыт разработки на Ruby (RoR) от 3-х лет. Системный подход к решению нестандартных для веба задач (очереди, фоновые и...","...созданием высоконагруженных многокомпонентных систем, конфигурированием и управлением очередями фоновых задач, распределенными вычислениями, конечными автоматами, блокчейном, смарт-контрактами и <highlighttext>компьютерным</highlighttext> <highlighttext>зрением</highlighttext>.","Senior backend developer, IT architect",data engineer,ruby;computer_vision;blockchain;,senior
740,402298.850574713,321839.08045977,"Опыт разработки на С++ (мы пишем под Windows, но ваш Linux-опыт рассмотрим с радостью). Опыт управления командами разработчиков. ",Системы хранения и обработки <highlighttext>Big</highlighttext> <highlighttext>Data</highlighttext>. Отказоустойчивые геораспределенные системы с минимальным временем отклика (low latency). Системы поведенческого анализа: поиск поведенческих...,"Ведущий С++ разработчик (Лимасол, Кипр)",data engineer,c;linux;,middle
755,NA,100000,"Технический ВУЗ, отличные оценки по математическим дисциплинам. Хороший уровень английского (чтение и написание). Хороший уровень C/C++. Умение самостоятельно проводить...","Разработка алгоритмов построения и анализа модели сцены (SLAM, DSO, др). Обучение нейронных сетей. Гражданство РФ.",Ведущий разработчик алгоритмов обработки изображений,data scientist,c;language;algorithms,middle
774,91954.0229885057,68965.5172413793,"Высшее образование: математика, экономика. Опыт в количественных, кабинетных исследованиях. Опыт в <highlighttext>аналитике</highlighttext> <highlighttext>данных</highlighttext>, в построении баз данных. Умение интерпретировать данные...","...данных, анализом, <highlighttext>построением</highlighttext> <highlighttext>моделей</highlighttext>, проведением экспериментов и консультированием, направленным на повышение эффективности бизнесов в интернете. Нам нужен <highlighttext>аналитик</highlighttext>-исследователь, который...",Маркетинговый аналитик,data scientist,experience; modeling,middle
778,NA,229885.057471264,"Высшее образование (желательно математическое, бизнес-анализ, информатик-<highlighttext>аналитик</highlighttext>, ИТ или другое подобное - будут крайне полезны базовые знания о СУБД, информационных...","Развитие клиентской базы компании по направлению BI и <highlighttext>Big</highlighttext> <highlighttext>Data</highlighttext>. Разработка и отслеживание KPIs команды. Изучение перспективных рынков, участие в...",Руководитель отдела продаж информационных систем,manager,db;,middle
792,120000,90000,"Опыт разработки на RoR от 1.5 лет. Владение SQL (в т.ч. без ORM), оптимизация запросов и хранения данных...","...задач, распределенными вычислениями, конечными автоматами, разработкой системы смарт-контрактов и, немного, <highlighttext>компьютерным</highlighttext> <highlighttext>зрением</highlighttext>. Создание автоматических юнит-тестов для написанного кода.",Middle backend developer,data engineer,ruby;experience;sql;computer_vision;blockchain,middle
800,229885.057471264,160919.540229885,Высшее техническое образование (желательно). Английский язык - технический уровень (возможность читать документацию). Знание ANSI SQL (желательно Oracle SQL 11g/12...,Разработка и развитие хранилища данных и управленческой отчетности компании. Анализ технического задания. Проектирование staging и хранилища данных. Создание ETL (ELT...,Программист DataWarehouse,data engineer,sql;oracle;language;design;etl;,middle
815,91954.0229885057,45977.0114942529,"Участвовал в качестве консультанта в средних и крупных проектах. Имеет начальный опыт, готовый к дальнейшему развитию. Готов выстраивать позитивные коммуникации...","Построение и оптимизация моделей планирования, правил сбора факта и актуализации бюджетов (бюджетирование), <highlighttext>построение</highlighttext> <highlighttext>моделей</highlighttext> сценарного и факторного анализа. ",Консультант,data analyst,modeling;,middle
823,NA,70000,"Высшее профессиональное образование (IT, маркетинг и т.п.). Опыт работы по продвижению продуктов от 2-х лет (огромным плюсом будет...","Взаимодействие со штатными сотрудниками организации (дизайнер, разработчики, тестировщики и др.). Привлечение трафика, увеличение конверсии. <highlighttext>Аналитика</highlighttext> <highlighttext>данных</highlighttext> сайта и рекламных кампаний. ",Маркетолог по продукту,data analyst,experience;,middle
826,NA,150000,"Умение работать с чужим кодом. Знание Agile, Kanban (желательно). Наличие портфолио разработчика (желательно). Знание алгоритмов <highlighttext>Machine</highlighttext> <highlighttext>Learning</highlighttext> (доп. преимущество).",Подготовка модели данных (подготовка источников) для BI. Дизайн и разработка дашбордов в BI. Участие в проекте по внедрению системы Sisense. ,Разработчик Bi/ Business Intelligence Specialist,data scientist,agile;kanban;reporting;,middle
842,70000,60000,Обязательное владение - Spider Project. Знание СНиП ГОСТ и ТУ на строительство дорог и искусственных сооружений. Опыт работы от 1 года...,"Получение , обработка и <highlighttext>аналитика</highlighttext> <highlighttext>данных</highlighttext> с объектов строительства. Ведение проекта в ПО Spider Project. Составление графиков ПР, авансирования, финансирования и...",Инженер ПТО/отдела производственного планирования и контроля,data analyst,spider;project;,middle
942,172413.793103448,114942.528735632,"это в идеале, не в рознице тоже подойдет). Допустимо - математик-<highlighttext>аналитик</highlighttext> с опытом <highlighttext>построения</highlighttext> <highlighttext>моделей</highlighttext> процессов с многомерным анализом данных...","...клиенту и дизайне продукта - но этому всему научим (главное экспертиза как <highlighttext>аналитика</highlighttext>), если пункт первый есть, а остальное не делали.",Аналитик-консультант по процессам автозакупок в розничных сетях (автоматизация),data scientist,experience; modeling,middle
957,500000,300000,"Перспективное видение развития IT, способность находить наилучшее отраслевое решение для обеспечения лидерства за счет опережающих ИТ-решений. Способность соотносить IT...","Компетенции в прикладных IT-решениях (розничная торговля, сетевой формат, логистика/склад, интернет-магазин, производство). Предложение:","IT-директор (CDO, сетевой ритейл и e-commerce)",manager,experience;,middle
1016,NA,90000,"...языке <highlighttext>Python</highlighttext> (<highlighttext>numpy</highlighttext>, scipy, sympy, pandas, scikit-learn). Способность создания программного кода на языке С++ по прототипу на <highlighttext>Python</highlighttext>. ","Разработка и реализация проектов высоконагруженных приложений. Написание, отладка, тестирование и документирование программного кода.",Программист С++,data engineer,python;scipy;numpy;pandas;scikit_learn;c;,middle
1029,NA,100000,Владение R. Базовые знания в области анализа данных и <highlighttext>машинного</highlighttext> <highlighttext>обучения</highlighttext>. Наличие актуальных проектов в портфолио. Наличие опыта визуализации данных...,Участие в разработке интерфейса и back-end&#39;a системы анализа больших неструктурированных данных. Разработка и поддержание REST API. ,Full-stack developer,data engineer,rest;r;algorithms,middle
1040,150000,100000,"опыт и желание развиваться в области веб-технологий (JavaScript\Node.js), <highlighttext>машинного</highlighttext> <highlighttext>обучения</highlighttext> и анализа данных (язык R, библиотеки <highlighttext>Python</highlighttext>, Qlik...",участие в сопровождении и доработке программных продуктов в области управления логистикой на базе 1с Предприятие 8.3 (управляемые формы...,Программист 1C,data engineer,javascript;python;r;1c;,middle
1043,206896.551724138,68965.5172413793,"Опыт работы с генетическими данными. Приветствуются знания в области <highlighttext>машинного</highlighttext> <highlighttext>обучения</highlighttext> (будет необходимость освоить): linear discriminant analysis, Bayes Inference, support...","Работать с генетическими данными микрочипового генотипирования и NGS. Выстраивать пайплайн статистического анализа для генетических тестов по генеалогии, фармакогенетике, генетике предрасположенностей...",Статистик / data scientist,data scientist,algorithms;gens;,middle
1044,NA,200000,...Java / Scala / <highlighttext>Python</highlighttext>). Знание SQL и основ теории баз данных. Опыт подготовки проектной документации. Знание основных алгоритмов <highlighttext>машинного</highlighttext> <highlighttext>обучения</highlighttext>. ,NA,Project Manager BigData,project manager,python;java;scala;sql;algorithms;,middle
1051,NA,80459.7701149425,"Знание процедурного языка PL/SQL (предпочтительноPL/pgSQL). Опыт работы с 1С. Знание систем веб-<highlighttext>аналитики</highlighttext>: Google Analytics (предпочтительно), Yandex...","Ведение регулярной (еженедельной, ежемесячной) аналитической отчетности: продажи, активность пользователей, движение стока, операции, PnL. <highlighttext>Аналитика</highlighttext> <highlighttext>данных</highlighttext> в учетных системах, составление аналитических...",Аналитик,data analyst,sql;1c;google_analytics;yandex_metrics;reporting;,middle
1057,NA,172413.793103448,"Знание хотя бы одного скриптового языка (Perl / <highlighttext>Python</highlighttext> / Ruby). Знания в области Application Security, умение находить и эксплуатировать основные уязвимости...",...специальных правил анализа исходного кода. Участие в разработке AI (Artificial Intelligence) платформы интеграции AppSec-инструментов на базе технологий <highlighttext>машинного</highlighttext> <highlighttext>обучения</highlighttext>.,Application security engineer,data engineer,perl;python;ruby;algorithms;,middle
1060,68965.5172413793,57471.2643678161,Высшее образование. Руководящий опыт. Знание <highlighttext>машинного</highlighttext> <highlighttext>обучения</highlighttext>. Отличное знание русского языка и желательно разговорного английского языка. Навыки деловой переписки. ,Формирование управленческой отчетности по всем параметрам работы фитнес- департамента. Проведение <highlighttext>аналитики</highlighttext> по бизнес- процесса департамента 50% рабочего времени. ,"Бизнес-ассистент/ аналитик, помощник руководителя (фитнес департамент)",data analyst,language;reporting;,middle
1073,NA,287356.32183908,Высшее образование по профилю. Уверенные знания <highlighttext>Python</highlighttext> со знанием библиотек Matplotlib и <highlighttext>NumPy</highlighttext>. Знания Java и его основных фреймворков (Spring...,"IT-компания при поддержке и курировании крупного российского банка, занимающаяся разработкой проекта по визуализации и техническому анализу рынка облигаций и...",Senior Software Engineer,data engineer,python;numpy;java;spring;,middle
1087,NA,68965.5172413793,"...языке <highlighttext>Python</highlighttext> 3.х. Образование высшее или среднее по специальностям, связанным с системами управления базами данных, вычислительной математикой, <highlighttext>машинным</highlighttext> <highlighttext>обучением</highlighttext>...",Разработка технологий хранения и обработки данных. Разработка требований к базам данных и приложениям обработки данных. Разработка структур для хранения прикладных...,Ведущий специалист по алгоритмам и структурам данных,data engineer,python;experience;design,middle
1092,NA,110000,"Умение работать в команде с разработчиками, бизнес-<highlighttext>аналитиками</highlighttext> и системными <highlighttext>аналитиками</highlighttext>. Стремление к постоянному развитию и достижению лучших финансовых результатов. ",Автоматизация зданий и интеллектуальные города. Удаленное управление и мониторинг. Ситуационные центры и <highlighttext>аналитика</highlighttext>/BI. OEM-решения по мониторингу и управлению...,Архитектор решений (IT/IoT/автоматизация),project manager,,middle
